INSERT INTO department (id, name)
VALUES (1, "Sales"),
(2, "Marketing"),
(3, "R&D"),
(4, "Manufacturing"),
(5, "Logistics");

INSERT INTO role (id, department_id, title, salary)
VALUES (1, 1, "manager", 90000),
(2, 2, "manager", 95000),
(3, 3, "manager", 160000),
(4, 4, "manager", 90000),
(5, 5, "manager", 90000),
(6, 1, "sales_person", 45000),
(7, 1, "assistant_to_the_manager", 58000),
(8, 2, "market_researcher", 55000),
(9, 2, "promoter", 60000),
(10, 3, "chemist", 70000),
(11, 3, "junior_chemist", 52000),
(12, 3, "engineer", 98000),
(13, 4, "machinist", 40000),
(14, 4, "assembler", 40000),
(15, 4, "quality_assurance", 65000),
(16, 4, "tester", 40000),
(17, 5, "shipper_reciever", 40000),
(18, 5, "packaging", 40000),
(19, 5, "delivery_driver", 45000),
(20, 5, "inventory_tracker", 45000);

INSERT INTO employee (id, first_name, last_name, role_id, manager_id)
VALUES (1, "Michael", "Scott", 1, NULL),
(2, "Jack", "Donaghy", 2, NULL),
(3, "Rick", "Sanchez", 3, NULL),
(4, "Eugene", "Krabs", 4, NULL),
(5, "Hubert", "Farnsworth", 5, NULL),
(6, "Jim", "Halpert", 6, 1),
(7, "Dwight", "Schrute", 7, 1),
(8, "Pam", "Halpert", 6, 1),
(9, "Kevin", "Malone", 6, 1),
(10, "Stanley", "Hudson", 6, 1),
(11, "Erin", "Hannon", 7, 1),
(12, "Andy", "Bernard", 6, 1),
(13, "Angela", "Martin", 6, 1),
(14, "Ryan", "Howard", 6, 1),
(15, "Kelly", "Kapoor", 6, 1),
(16, "Creed", "Bratton", 6, 1),
(17, "Meredith", "Palmer", 6, 1),
(18, "Liz", "Lemon", 8, 2),
(19, "Kenneth", "Parcell", 8, 2),
(20, "Jenna", "Maroney", 8, 2),
(21, "Abby", "Flynn", 9, 2),
(22, "Tracey", "Jordan", 9, 2),
(23, "Mr", "Meseeks", 10, 3),
(24, "Morty", "Smith", 10, 3),
(25, "Jerry", "Smith", 11, 3),
(26, "Summer", "Smith", 10, 3),
(27, "Beth", "Smith", 12, 3),
(28, "Spongebob", "Squarepants", 13, 4),
(29, "Squidward", "Tentacles", 14, 4),
(30, "Sandy", "Cheeks", 15, 4),
(31, "Patrick", "Star", 16, 4),
(32, "Bender", "Rodriguez", 19, 5),
(33, "Amy", "Wong", 17, 5),
(34, "John", "Zoidberg", 18, 5),
(35, "Turanga", "Leela", 19, 5),
(36, "Phillip", "Fry", 19, 5),
(37, "Hermes", "Conrad", 20, 5);
